,iso_code,new_cases,new_deaths,population,human_development_index,hospital_beds_per_thousand,life_expectancy,median_age,diabetes_prevalence,cardiovasc_death_rate,population_density,gdp_per_capita,range_idh,group_idh,location
0,AFG,-0.14971391471978418,7709.0,39835428.0,-1.579114082094585,-1.0465761023134763,-1.306344146475889,-1.4335413570864937,0.3772384823814125,2.7858080430870507,-0.221690779275676,-0.9057513060563483,"(-2.394, -1.089]",2,Afghanistan
1,ALB,-0.14747249495675732,3497.0,2872934.0,0.38983719520062987,-0.029333718371627893,0.7513871780220522,0.7749636615205672,0.4986151448679314,0.37315819608263634,-0.14481241557777408,-0.3997020710838827,"(0.212, 1.513]",3,Albania
2,ARE,-0.13254544165699972,2305.0,9991083.0,1.0484652633099445,-0.7486390024141901,0.6615299149435404,0.3196018020139566,2.2771548115071334,0.4855789093958964,-0.13327509885084562,2.408523902598488,"(0.212, 1.513]",3,United Arab Emirates
3,ARG,0.06329592577788806,128973.0,45605823.0,0.7364835468371108,0.8687338256105059,0.46683917827342986,0.08053682577298592,-0.6358850881693302,-0.5591880978468953,-0.2799716772047976,-0.03884481494148842,"(0.212, 1.513]",3,Argentina
4,ARM,-0.1440434700174955,8631.0,2968128.0,0.2581115815787668,0.5282342828684647,0.23021505216667984,0.5131305923042664,-0.23707605428505243,0.6764757893862401,-0.1477687482221066,-0.5523274661899451,"(0.212, 1.513]",3,Armenia
5,ATG,-0.15375278400346806,139.0,98728.0,0.27197743564422605,0.3579845114974439,0.5192559150692281,0.10330491874831677,1.2640312409563903,-0.5552416323520584,0.04868107987659352,0.09056099118103739,"(0.212, 1.513]",3,Antigua and Barbuda
6,AUS,0.024056642344243453,8968.0,25788217.0,1.4228433230773432,0.37500948863454603,1.4807286300093148,0.7635796150329017,-0.7423993021881123,-1.2450080023473784,-0.29974405661727904,1.2625231796807792,"(0.212, 1.513]",3,Australia
7,AUT,-0.05298926688261852,19928.0,9043072.0,1.2703189283572929,1.877463720983803,1.1961806302606923,1.5035426367311437,-0.42533373487638865,-0.9369365247211839,-0.14195056366743578,1.302400862077587,"(0.212, 1.513]",3,Austria
8,AZE,-0.13538316980073473,9713.0,10223344.0,0.11945304092417408,0.7410464970822406,-0.08278774755680676,0.13745705821131224,-0.23707605428505266,2.4791783847961306,-0.12281059561959243,-0.19504498878632373,"(-1.089, 0.212]",1,Azerbaijan
9,BDI,-0.1529602978233965,38.0,12255429.0,-2.1198823906474966,-0.9188887737852108,-1.7930709881511653,-1.5587658684508119,-0.4996459772150739,0.28148320326206855,0.34007337845975083,-0.9615089879056327,"(-2.394, -1.089]",2,Burundi
10,BEL,-0.056288131118900464,31933.0,11632334.0,1.3327152716518595,1.1411334598041387,1.2096592197224656,1.2075574280518468,-0.9356111322686942,-1.1864536593999735,0.26769199292340834,1.1618070010419776,"(0.212, 1.513]",3,Belgium
11,BEN,-0.15331361457867843,163.0,12451031.0,-1.3433945629817774,-1.0465761023134763,-1.7646161881763034,-1.4107732641111632,-1.7530457979942322,-0.18995052453454123,-0.1535915044251965,-0.8925806930350294,"(-2.394, -1.089]",2,Benin
12,BFA,-0.1534602619917874,384.0,21497097.0,-1.9881567770256336,-1.0891385451562314,-1.7930709881511653,-1.5473818219631463,-1.398824109513166,0.08358320078610613,-0.19772162661448747,-0.9108568676325918,"(-2.394, -1.089]",2,Burkina Faso
13,BGD,-0.10819272072508244,29131.0,166303494.0,-0.7402299111342999,-0.9188887737852108,-0.14419021066045662,-0.4203612196842855,0.07751243828204872,0.3221425085168094,1.6231430804593394,-0.8187061497451639,"(-1.089, 0.212]",1,Bangladesh
14,BGR,-0.12662978056016233,37194.0,6896655.0,0.5354286628879507,1.9132161729717174,0.22422456796144472,1.5376947761941402,-0.5590957710860222,1.3658961227410942,-0.20529684804488788,-0.05760004238021352,"(0.212, 1.513]",3,Bulgaria
15,BHR,-0.14009312312626643,1489.0,1748295.0,0.7850140360662183,-0.4081394596721489,0.5596916834545603,0.13745705821131224,2.0938512804050426,-0.8833338013194931,2.6454718626428337,1.1937976194057498,"(0.212, 1.513]",3,Bahrain
16,BHS,-0.15312509466882096,811.0,396914.0,0.5215628088224922,-0.025077474087352468,0.054993389163579716,0.35375394147695205,1.2640312409563903,-0.18907719396574668,-0.24443473016055348,0.40569051292714525,"(0.212, 1.513]",3,Bahamas
17,BIH,-0.14509583264970224,15814.0,3263459.0,0.2858432897096853,0.23029718296917853,0.5761655150189543,1.287245753465504,0.49861514486793185,0.5827575325933981,-0.20024365265900826,-0.4042332854496508,"(0.212, 1.513]",3,Bosnia and Herzegovina
18,BLR,-0.13093229669417852,6978.0,9442867.0,0.5839591521170588,3.4224803961758155,0.1852864206274239,1.036796730736867,-0.7151514799972613,1.517830924808506,-0.23321742882295995,-0.12821504252686972,"(0.212, 1.513]",3,Belarus
19,BLZ,-0.152528317915666,682.0,404915.0,-0.15786404038501056,-0.706076559571435,0.15982686275517835,-0.7049623818759171,2.23999869033779,-0.6751515672411158,-0.2795922303860148,-0.6010737496844782,"(-1.089, 0.212]",1,Belize
20,BOL,-0.13260045200088236,21950.0,11832936.0,-0.14399818631955205,-0.7912014452569452,-0.30593328420177934,-0.6594261959252562,-0.29157169866675514,-0.44988171429782836,-0.2890768769727804,-0.6485707811840709,"(-1.089, 0.212]",1,Bolivia
21,BRA,0.5780173390379343,667873.0,213993441.0,0.1818493842187408,-0.32301457398663846,0.34852711522005375,0.26268156957563027,0.010631420177231623,-0.6668796437404554,-0.266465503892056,-0.28330321256028823,"(-1.089, 0.212]",1,Brazil
22,BRB,-0.15203102347022215,467.0,287708.0,0.5215628088224922,1.2092333683525471,0.8442396832031828,0.9798764982985415,1.3631142307413044,-0.7320581166624927,0.7079402117971254,-0.1378254012300173,"(0.212, 1.513]",3,Barbados
23,BRN,-0.15039080657997297,224.0,441532.0,0.6879530576080034,-0.11020235977286248,0.34553187311743727,0.13745705821131224,1.1699024006607224,-0.4747139627350701,-0.18066023471451506,2.6370567031935157,"(0.212, 1.513]",3,Brunei
24,BTN,-0.15255309481810442,21.0,779900.0,-0.587705516414248,-0.5358267882004144,-0.2654975158164492,-0.29513670831996747,0.41687167829537797,-0.3446948145638309,-0.27233550046214294,-0.556324617104119,"(-1.089, 0.212]",1,Bhutan
25,BWA,-0.146679821427707,2701.0,2397240.0,-0.026138426763148263,-0.49326434535765906,-0.5934765260530204,-0.6138900099745945,-0.8068032455483065,-0.17739433786620812,-0.2984609472943265,-0.19707157562599936,"(-1.089, 0.212]",1,Botswana
26,CAF,-0.15360662838142827,113.0,4919987.0,-2.3694677638257633,-0.8337638880997005,-3.036096460737259,-1.4676934965494897,-0.48726060349195977,1.4568460864102095,-0.29322640985449033,-0.9635831460183583,"(-2.394, -1.089]",2,Central African Republic
27,CAN,-0.06223444719238427,41818.0,38067913.0,1.3188494175864003,-0.19532724545837307,1.3294689038271552,1.162021242101186,-0.1726721109248586,-1.2630678193926455,-0.298471614473971,1.2305836751316679,"(0.212, 1.513]",3,Canada
28,CHE,-0.06764548381498461,13966.0,8715494.0,1.49910552043737,0.6686903442495568,1.5316477457538058,1.3555500323914957,-0.6135914154677247,-1.3113481697052656,0.021857694719098448,1.9083515923340009,"(0.212, 1.513]",3,Switzerland
29,CHL,-0.06533490886018022,45745.0,19212362.0,0.7780811090334895,-0.36132077254511824,0.9925041672827302,0.4789784528412701,0.09732903623903147,-1.0785643782832903,-0.2676206070592745,0.1551412210871156,"(0.212, 1.513]",3,Chile
30,CHN,-0.13322589314778457,3924.0,1444216102.0,0.15411767608782226,0.5878217028483218,0.5027820835048341,0.8546519869342243,0.41439460355075564,0.024682821198235328,-0.07958565981727747,-0.22230773111722857,"(-1.089, 0.212]",1,China
31,CMR,-0.15114069428600346,1930.0,27224262.0,-1.2186018763926447,-0.706076559571435,-2.136026208900823,-1.4107732641111632,-0.2147823815834469,-0.11734050281011783,-0.22708075276176054,-0.8267557152226295,"(-2.394, -1.089]",2,Cameroon
32,COL,-0.010678139337680545,139894.0,51265841.0,0.19571523828420007,-0.5315705439161389,0.5596916834545603,0.1146889652359822,-0.1553325877124986,-1.1094852237992057,-0.23723286001771052,-0.3262440294718926,"(-1.089, 0.212]",1,Colombia
33,COM,-0.15375938805496867,162.0,888456.0,-1.2809982196872107,-0.32301457398663846,-1.3827228200926256,-1.2286285203085194,0.9444885989000441,0.02152729659589187,0.36184966376259164,-0.9254932325489668,"(-2.394, -1.089]",2,Comoros
34,CPV,-0.1526209619856531,403.0,561901.0,-0.511443319054222,-0.3655770168293937,-0.08578298965942326,-0.6252740564622608,-1.398824109513166,-0.6317981195713189,-0.09801549847735844,-0.6821376281333976,"(-1.089, 0.212]",1,Cape Verde
35,CRI,-0.13275738018919972,8525.0,5139053.0,0.4938311006915744,-0.7784327124041188,1.0074803777958148,0.2740656160632957,0.17659542806696207,-0.9963394813344931,-0.15821039321126443,-0.21136213787348918,"(0.212, 1.513]",3,Costa Rica
36,CYP,-0.14243294794037667,1067.0,896005.0,1.0276664822117556,0.18773474012642333,1.1123138513874133,0.69527533610691,0.29054086631961307,-0.9699912628533056,-0.1100892219521246,0.6434094781713768,"(0.212, 1.513]",3,Cyprus
37,CZE,-0.06201838698265199,40327.0,10724553.0,1.1177945336372408,1.562501643947415,0.8726944831780448,1.3783181253668257,-0.3089112218791149,-0.2588530108254022,-0.09558338151841278,0.6530641186446506,"(0.212, 1.513]",3,Czechia
38,DEU,0.47223115972741314,139750.0,83900471.0,1.443642104175533,2.145607110893161,1.1647305881832117,1.75399165945978,0.06017291506968874,-0.84667039536537,0.056561077868265315,1.2919027424469434,"(0.212, 1.513]",3,Germany
39,DJI,-0.15358234327005907,189.0,1002197.0,-1.4889860306690998,-0.6635141167286799,-0.9648865467775404,-0.6594261959252562,-0.4996459772150739,-0.007136071789365506,-0.24171002770278727,-0.8601325301184418,"(-2.394, -1.089]",2,Djibouti
40,DNK,-0.08031020452196343,6341.0,5813302.0,1.3951116149464255,-0.19532724545837307,1.1003328829769454,1.264477660490173,-0.41047128640865127,-1.1875329641595218,-0.09658304863938291,1.3654494488146607,"(0.212, 1.513]",3,Denmark
41,DOM,-0.1401439181181274,4380.0,10953714.0,0.11945304092417408,-0.5783892310431694,0.07895532598451593,-0.4089771731966201,0.03292509287883717,0.063850873311921,0.03500880333795894,-0.25813046856388,"(-1.089, 0.212]",1,Dominican Republic
42,DZA,-0.1477222077267958,6875.0,44616626.0,0.063989624662337,-0.45070190251490405,0.49828922035090834,-0.23821647588164113,-0.33120489458072044,0.16033742322849007,-0.2781872104385536,-0.2928990974505716,"(-1.089, 0.212]",1,Algeria
43,ECU,-0.13289749380667515,23014.0,17888474.0,0.140251822022363,-0.6209516738859246,0.517758294017921,-0.35205694075829375,-0.6234997144462161,-0.9759480364498967,-0.20261633818850602,-0.4615191691418039,"(-1.089, 0.212]",1,Ecuador
44,EGY,-0.14187399226230493,24719.0,104258327.0,-0.22026038367957806,-0.5783892310431694,-0.23404747373897067,-0.6708102424129208,2.289540185230247,2.1959226776719176,-0.1552845382230591,-0.46312495264593434,"(-1.089, 0.212]",1,Egypt
45,ERI,-0.15372093467708223,103.0,3601462.0,-1.9396262877965258,-0.9614512166279658,-1.0831986098309163,-1.353853031672837,-0.4996459772150739,0.4301306572450545,-0.23710942551039563,-0.9206060939668561,"(-2.394, -1.089]",2,Eritrea
46,ESP,0.13928364113558,107834.0,46745211.0,1.1455262417681593,0.004716235902576265,1.498700082625018,1.628767148095462,-0.22221360581731547,-1.3141164628289925,-0.16274242067737,0.7373995848782539,"(0.212, 1.513]",3,Spain
47,EST,-0.140421803490844,2583.0,1325188.0,1.0623311173754038,0.7367902527979651,0.7768467358942978,1.3100138464408355,-1.0024921503735111,-0.027469843900550916,-0.2573328742335587,0.4949324498985029,"(0.212, 1.513]",3,Estonia
48,ETH,-0.14277886441099835,7516.0,117876226.0,-1.7593701849455556,-1.1317009879989866,-1.041265220394277,-1.2969327992345108,-0.14790136347863045,-0.6283789480048112,-0.14468136165642742,-0.9094993150798562,"(-2.394, -1.089]",2,Ethiopia
49,FIN,-0.12784792361993189,4530.0,5548361.0,1.3812457608809663,0.1366598087151171,1.2515926091591072,1.3213978929284986,-0.5714811448091364,-0.8683553581678986,-0.2769863907871443,1.0569044997670216,"(0.212, 1.513]",3,Finland
50,FJI,-0.15242375376690656,866.0,902899.0,0.029324989498688822,-0.28045213114388345,-0.9154650520843586,-0.29513670831996747,1.591005107246606,1.2681160549065924,-0.22909684971457075,-0.5566091338031489,"(-1.089, 0.212]",1,Fiji
51,FRA,0.5547238658131924,149166.0,67422000.0,1.1247274606699704,1.2858457654695066,1.3639141880072458,1.2303255210271777,-0.8167115445267978,-1.4240490079179504,-0.11782902272561155,0.9566986495510268,"(0.212, 1.513]",3,France
52,GAB,-0.15283236188953922,304.0,2278829.0,-0.24799209181049658,1.422045582566323,-1.0607342940612874,-0.9212592651415565,-0.2147823815834469,0.008765135736804732,-0.2926473343880747,-0.158860760272228,"(-1.089, 0.212]",1,Gabon
53,GBR,0.3522025237040738,175273.0,68207114.0,1.3396481986845892,-0.178302268321271,1.1632329671319024,1.0937169631751942,-0.938088207013317,-1.1268117727253901,0.11124104072596552,1.0147747224531858,"(0.212, 1.513]",3,United Kingdom
54,GEO,-0.11518669228768214,16811.0,3979773.0,0.5076969547570345,-0.15276480261561787,0.032529073393950676,0.8546519869342243,-0.23707605428505243,1.955229477325008,-0.20552238270022874,-0.5038706083449589,"(0.212, 1.513]",3,Georgia
55,GHA,-0.1501595945215851,1445.0,31732128.0,-0.8858213788216223,-0.8763263309424557,-1.4201633463753391,-1.1489401948948619,-0.767170049634341,0.3241363386833035,-0.11151862402448742,-0.783096217833806,"(-1.089, 0.212]",1,Ghana
56,GIN,-0.15308748436133884,442.0,13497237.0,-1.8148336012073922,-1.1317009879989866,-1.7900757460485488,-1.3880051711358328,-1.398824109513166,0.6411059013500491,-0.22575497472022998,-0.8958858843572722,"(-2.394, -1.089]",2,Guinea
57,GMB,-0.15366627561253474,365.0,2486937.0,-1.6831079875855295,-0.7912014452569452,-1.722682798739665,-1.5587658684508119,-1.5251549214889308,0.5975464794894991,0.011682729221053092,-0.918009512182112,"(-2.394, -1.089]",2,Gambia
58,GNQ,-0.15357428726397324,183.0,1449891.0,-1.0175469924434855,-0.3655770168293937,-2.2183953667227927,-1.000947590555214,-0.071112046395322,-0.4621330591638462,-0.23575316981273792,0.14693446797763515,"(-1.089, 0.212]",1,Equatorial Guinea
59,GRC,-0.0722708022393704,29976.0,10370747.0,1.0345994092444852,0.5324905271527401,1.3010141038522889,1.6059990551201302,-0.8712071889085004,-0.6855491443903525,-0.17741131657136203,0.24660686203488344,"(0.212, 1.513]",3,Greece
60,GRD,-0.15352693480959662,231.0,113015.0,0.2789103626769557,0.3154220686546889,-0.17264501063531865,-0.20406433641864566,0.6546708537791711,-0.12308306324832542,0.1786484727823589,-0.3090916502885353,"(0.212, 1.513]",3,Grenada
61,GTM,-0.1336138928827558,18259.0,18249868.0,-0.5253091731196813,-1.004013659470721,0.11190298911330378,-0.9440273581168878,0.5233858923141602,-0.8486559865642337,-0.06410301050469085,-0.6213448812859115,"(-1.089, 0.212]",1,Guatemala
62,GUY,-0.15241040515217133,1239.0,790329.0,-0.39358355949781815,-0.5783892310431694,-0.5455526524111479,-0.5569697775362685,0.8800846555398494,0.9413503597276106,-0.29860114451251135,-0.6207761009265379,"(-1.089, 0.212]",1,Guyana
63,HND,-0.14398309680909646,10996.0,10062994.0,-0.7263640570688407,-0.9614512166279658,0.2571722310902326,-0.7163464283635825,-0.2123053068388241,-0.154028625667131,-0.17843841358284662,-0.7671970380488975,"(-1.089, 0.212]",1,Honduras
64,HRV,-0.12727508069881102,16012.0,4081657.0,0.7780811090334895,1.0985710169613834,0.7394062096115842,1.4580064507804829,-0.6135914154677247,-0.04219287905561089,-0.19227374558176138,0.15022012471328486,"(0.212, 1.513]",3,Croatia
65,HTI,-0.15322457697653208,912.0,11541683.0,-1.5860470091273147,-0.9614512166279658,-1.430646693734498,-0.7846507072895734,-0.3510214925377032,1.4141764730537147,0.3025645270640807,-0.9133836613476164,"(-2.394, -1.089]",2,Haiti
66,HUN,-0.10895113280964562,46571.0,9634162.0,0.7988798901316776,1.72849517103416,0.49828922035090834,1.389702171854491,-0.1280847655216475,0.15977717342964068,-0.1399786593160098,0.3581047660640877,"(0.212, 1.513]",3,Hungary
67,IDN,-0.012126112757119816,156604.0,276361788.0,-0.14399818631955205,-0.8167389109625984,-0.2744832421243008,-0.2154483829063107,-0.43276495911025703,0.6917508353725195,-0.0825557074068672,-0.43080998929388703,"(-1.089, 0.212]",1,Indonesia
68,IND,0.857854372903301,517374.0,1393409033.0,-0.6501018597088146,-1.0338073694606496,-0.5829931786938616,-0.34067289427062913,0.5754044619512401,0.19260122046811826,0.38176224039325785,-0.6718075767982854,"(-1.089, 0.212]",1,India
69,IRL,-0.11697269010201362,7435.0,4982904.0,1.49910552043737,0.00045999161830065046,1.3099998301601383,0.8546519869342243,-1.1857956814756012,-1.091202954627925,-0.19814374215184835,2.4106398120944763,"(0.212, 1.513]",3,Ireland
70,IRN,0.015444678163997654,141343.0,85028760.0,0.30664207080787426,-0.6209516738859246,0.46833679932473915,0.13745705821131224,0.3772384823814125,0.09396430000008245,-0.22868692523966072,-0.03131878650626141,"(0.212, 1.513]",3,Iran
71,IRQ,-0.09940038631555441,25221.0,41179351.0,-0.44904697575965524,-0.6635141167286799,-0.4422167998708586,-1.2741647062591803,0.18898080179007648,-0.3319573706076345,-0.17033135705302763,-0.20432811786017055,"(-1.089, 0.212]",1,Iraq
72,ISL,-0.1495096809143349,121.0,368792.0,1.4575079582409922,-0.020821229803076855,1.4133356827004298,0.69527533610691,-0.6829495083171644,-1.1609622935523203,-0.29943623229039495,1.355350320584791,"(0.212, 1.513]",3,Iceland
73,ISR,-0.05628091818321897,10877.0,9291000.0,1.249520147259104,0.013228724471127305,1.4103404405978133,-0.06745577856666218,-0.32872781983609767,-1.3642341029231342,0.308900831772913,0.679704740061081,"(0.212, 1.513]",3,Israel
74,ITA,0.257977860639219,167284.0,60367471.0,1.0623311173754038,0.09409736587236209,1.4912119773684758,1.901984263799428,-0.8142344697821748,-1.200847135849828,0.009081461270601783,0.7853617520912555,"(0.212, 1.513]",3,Italy
75,JAM,-0.15068382038272285,3079.0,2973462.0,-0.033071353795877896,-0.5358267882004144,0.1373625469855493,0.0236165933346596,0.7958641142226728,-0.4314429047415748,0.10206879011450301,-0.5823889176083199,"(-1.089, 0.212]",1,Jamaica
76,JOR,-0.11419936316972062,14068.0,10269022.0,-0.06773598895952608,-0.6635141167286799,0.14634827329340094,-0.9098752186538919,0.9122866272199466,-0.41727188041773405,-0.1380859968705145,-0.5751055026656489,"(-1.089, 0.212]",1,Jordan
77,JPN,0.056709180639202814,30843.0,126050796.0,1.2495201472591047,4.295010474452297,1.6589455351150313,1.9361364032624242,-0.5813894437876277,-1.479167701363587,0.22534938526597417,0.9767672489878354,"(0.212, 1.513]",3,Japan
78,KAZ,-0.11988992446860154,19297.0,18994958.0,0.5978250061825181,1.5922953539373437,0.007069515521705143,-0.06745577856666218,-0.23707605428505243,1.7127896158405083,-0.2944424683339632,0.22035187157658334,"(0.212, 1.513]",3,Kazakhstan
79,KEN,-0.14631013505540766,5651.0,54985702.0,-0.9551506491489187,-0.6635141167286799,-1.0262890098811903,-1.2741647062591803,-1.2749703722820236,-0.33175139641688095,-0.17155198718091955,-0.8455766315043538,"(-1.089, 0.212]",1,Kenya
80,KGZ,-0.14924270861962993,3434.0,6628347.0,-0.2895896540068744,0.6559216113967301,-0.31491901050963095,-0.5569697775362685,-0.23707605428505243,1.4620778308553488,-0.2553518265852947,-0.8253109655385477,"(-1.089, 0.212]",1,Kyrgyzstan
81,KHM,-0.15075861946248492,3056.0,16946446.0,-1.003681138378026,-0.9188887737852108,-0.5590312418729254,-0.6366581029499253,-1.0074462998627567,0.09877585709608423,-0.16645002754523647,-0.8125782612679769,"(-1.089, 0.212]",1,Cambodia
82,KIR,-0.1538750526307185,13.0,121388.0,-0.7540957651997592,-0.45070190251490405,-0.7761862943126628,-0.9098752186538919,3.6147751736034683,1.4480303910459598,-0.08564004620693366,-0.8967863984345648,"(-1.089, 0.212]",1,Kiribati
83,KOR,0.2724952051410938,24341.0,51305184.0,1.2287213661609149,3.9630234202788057,1.419326166905665,1.389702171854491,-0.3138653713683607,-1.4245598239110193,0.49993630426062685,0.8217127837074506,"(0.212, 1.513]",3,South Korea
84,KWT,-0.1390778087546056,2555.0,4328553.0,0.46609939256065586,-0.4081394596721489,0.2901198942190204,0.28544966255096116,1.9254101977706892,-1.0436146775962363,0.04911233871079252,2.3193051945785452,"(0.212, 1.513]",3,Kuwait
85,LAO,-0.1490287560859085,757.0,7379358.0,-0.871955524756163,-0.6209516738859246,-0.8435792416215478,-0.7732666608019092,-1.0074462998627567,0.8997600511306635,-0.2593413517723372,-0.6732910920091294,"(-1.089, 0.212]",1,Laos
86,LBN,-0.12818447264161656,10440.0,6769151.0,0.03625791653141846,-0.025077474087352468,0.805301535869162,-0.010535546128335866,1.1500858027037397,0.06334005731885223,0.6014177558671618,-0.32054478852953044,"(-1.089, 0.212]",1,Lebanon
87,LBR,-0.15377212778552302,294.0,5180208.0,-1.7940348201092038,-0.9188887737852108,-1.4156704832214135,-1.3652370781605023,-1.398824109513166,0.11209826775402075,-0.22975973873533603,-0.9589501088851677,"(-2.394, -1.089]",2,Liberia
88,LBY,-0.1421926026192752,6433.0,6958538.0,-0.10240062412317426,0.31542206865468914,-0.09626633701858418,-0.24960052236930655,0.5853127609297313,0.6834953898071197,-0.2991025019558028,-0.09210429644731549,"(-1.089, 0.212]",1,Libya
89,LCA,-0.15333340331455786,371.0,184401.0,0.140251822022363,-0.706076559571435,0.39645098886192837,0.42205822040294383,0.8800846555398494,-0.4472370056885532,0.1421590989841417,-0.34158374072108855,"(-1.089, 0.212]",1,Saint Lucia
90,LKA,-0.13840166629033177,16518.0,21497306.0,0.2997091437751446,0.27285962581193374,0.513265430863993,0.33098584850162205,0.6472396295453019,-0.5092517150406173,0.2164758156845576,-0.40650142301939945,"(0.212, 1.513]",3,Sri Lanka
91,LTU,-0.12904435761678995,9182.0,2689862.0,0.9930018470481066,1.5327079339574867,0.3560152204765982,1.4010862183421566,-1.0891897664353105,0.692780706326287,-0.23584307889831302,0.4971092405024475,"(0.212, 1.513]",3,Lithuania
92,LUX,-0.14801960081192372,1086.0,634814.0,1.2287213661609149,0.6601778556810055,1.3025117249035982,0.968492451810877,-0.9034091605885973,-1.0762409894115907,0.04807457451966347,3.7741474784921345,"(0.212, 1.513]",3,Luxembourg
93,LVA,-0.1345104514205176,5844.0,1866934.0,0.8820750145244332,1.1113397498142101,0.26016747319285116,1.4466224042928175,-0.7820324981020779,0.7510384464390066,-0.25706009921122086,0.27137752755854283,"(0.212, 1.513]",3,Latvia
94,MAR,-0.12648109572690952,16082.0,37344787.0,-0.3658518513668996,-0.7912014452569452,0.46833679932473915,-0.18129624344331483,-0.22964483005118408,1.3202357641348585,-0.18259099423016933,-0.6182474347252337,"(-1.089, 0.212]",1,Morocco
95,MDA,-0.1417900833384516,10966.0,4024025.0,0.07785547872779627,1.2092333683525471,-0.24752606320074594,0.7294274755699063,-0.5813894437876277,1.2325401926796484,-0.11618780094316511,-0.7343942667171368,"(-1.089, 0.212]",1,Moldova
96,MDG,-0.15243953791836543,1396.0,28427333.0,-1.4612543225381813,-1.1742634308417417,-0.9753698941366992,-1.3197008922098412,-1.0223087483304938,1.2118768618632576,-0.23764735614103963,-0.9253641828188839,"(-2.394, -1.089]",2,Madagascar
97,MEX,-0.01804973618555369,318010.0,130262220.0,0.2789103626769557,-0.6720266052972309,0.22422456796144472,-0.2154483829063107,1.236783418765539,-0.87432037073212,-0.20337066017765268,-0.11968753757846153,"(0.212, 1.513]",3,Mexico
98,MKD,-0.14663200060088352,9313.0,2082661.0,0.24424572751330675,0.5622842371426688,0.33654614680958567,0.9001881728848852,0.4986151448679314,0.5255214244668152,-0.1787508095581498,-0.33351813259090285,"(0.212, 1.513]",3,North Macedonia
99,MLI,-0.15322090025282428,735.0,20855724.0,-2.1129494636147665,-1.2168258736844968,-2.1330309667982066,-1.68399037981513,-1.398824109513166,0.07514649793284277,-0.28146660623783376,-0.8951075373577914,"(-2.394, -1.089]",2,Mali
100,MLT,-0.15170890031990053,725.0,516100.0,1.0831298984735918,0.649537244970317,1.3444451143402376,1.2758617069778377,0.18898080179007648,-0.74309009431925,1.9111584547436093,0.8508096516531265,"(0.212, 1.513]",3,Malta
101,MMR,-0.13958435355587476,19435.0,54806014.0,-1.0799433357380521,-0.8763263309424557,-0.9618913046749239,-0.23821647588164113,-0.8563447404407631,-0.4679662482459853,-0.18009030254493755,-0.7140689342290687,"(-1.089, 0.212]",1,Myanmar
102,MNE,-0.14838221476027563,2722.0,628051.0,0.6255567143134367,0.38394760163152475,0.49828922035090834,0.9001881728848852,0.49861514486793185,1.057898795823571,-0.23409823308503427,-0.16661007004436723,"(0.212, 1.513]",3,Montenegro
103,MNG,-0.13228214608600256,2179.0,3329282.0,-0.01227257269768899,1.719982682465609,-0.5515431366163809,-0.29513670831996747,-0.8043261708036835,1.6571848233046937,-0.30160624140664727,-0.397808582593273,"(-1.089, 0.212]",1,Mongolia
104,MOZ,-0.14865124789374673,2240.0,32163045.0,-1.9604250688947147,-0.9614512166279658,-1.9023973248966897,-1.5359977754754814,-1.1808415319863557,0.5852868956558508,-0.24713047884499892,-0.9395514040668328,"(-2.394, -1.089]",2,Mozambique
105,MUS,-0.1486338244387239,996.0,1273428.0,0.4522335384951966,0.18773474012642333,0.2152388416535931,0.7066593825945754,3.4562423899476062,-0.28225991786263,0.6446975514505056,0.029922901578701627,"(0.212, 1.513]",3,Mauritius
106,MWI,-0.15193432797856982,2642.0,19647681.0,-1.773236039011015,-0.706076559571435,-1.391708546400475,-1.49046158952482,-1.0223087483304936,-0.25997351042310124,-0.0036277213344152012,-0.9416294083675923,"(-2.394, -1.089]",2,Malawi
107,MYS,-0.04807756212560581,35708.0,32776195.0,0.4938311006915744,-0.45070190251490416,0.3904605046566911,-0.14714410398031974,2.1483469247867446,0.01679812917619141,-0.15794371372015195,0.35965351464829515,"(0.212, 1.513]",3,Malaysia
108,NER,-0.1537381005272593,310.0,25130810.0,-2.3902665449239517,-1.1317009879989866,-1.667270819841248,-1.8319829841547783,-1.398824109513166,-0.16942725616786264,-0.2787860963814519,-0.9501842414941357,"(-2.394, -1.089]",2,Niger
109,NIC,-0.15351665403438824,241.0,6702379.0,-0.5461079542178702,-0.8763263309424557,0.13886016803685863,-0.44312931265961597,0.8429285343705071,-1.0042241733565371,-0.2258890764071894,-0.7277407662804825,"(-1.089, 0.212]",1,Nicaragua
110,NLD,0.035974238742628194,22440.0,17173094.0,1.422843323077344,0.15368478585221898,1.307004588057524,1.366934078879161,-0.6879036578064099,-1.2320728231680587,0.4703379285127558,1.4560388167912963,"(0.212, 1.513]",3,Netherlands
111,NOR,-0.12031778269879975,2869.0,5465629.0,1.51297137450283,0.27285962581193374,1.3249760406732272,0.968492451810877,-0.6829495083171644,-1.191248738560715,-0.2825851362176998,2.2823372546448164,"(0.212, 1.513]",3,Norway
112,NPL,-0.13101732971190427,11952.0,29674920.0,-0.948217722116189,-1.1317009879989866,-0.4152596209473038,-0.7049623818759171,-0.19991993311570994,0.015603478869821262,0.006903832740317696,-0.873422223145598,"(-1.089, 0.212]",1,Nepal
113,NZL,-0.1251871231679948,1247.0,5126300.0,1.3327152716518595,-0.14850855833134224,1.3085022091088332,0.7635796150329017,0.003200195943363252,-1.0719402483086578,-0.27687971899069935,0.8291758561174919,"(0.212, 1.513]",3,New Zealand
114,OMN,-0.1448220923731403,4260.0,5223376.0,0.5146298817897625,-0.5783892310431694,0.6450560833791464,-0.056071732078997565,1.1253150552575109,0.061288554378947174,-0.2817957649240069,0.9240585820946451,"(0.212, 1.513]",3,Oman
115,OWID_WRL,12.330529920200036,6264608.0,7874965730.0,-0.01227257269768976,-0.10807423763072496,-0.14568783171176594,-0.03330363910366672,0.10971440996214543,-0.21283837661107052,-0.21616975186824472,-0.2141854423212809,"(-1.089, 0.212]",1,World
116,PAK,-0.11809654978823214,30379.0,225199929.0,-1.2601994385890218,-1.004013659470721,-0.9409246099566041,-0.875723079190896,0.07008121404817991,1.3522441533779523,0.08483977110583134,-0.7422518264393339,"(-2.394, -1.089]",2,Pakistan
117,PAN,-0.13322312975034817,8288.0,4381583.0,0.5284957358552226,-0.28045213114388345,0.7424014517142028,-0.1699121969556498,0.06512706455893433,-1.0756560227098508,-0.22060729860035616,0.1298373524433957,"(0.212, 1.513]",3,Panama
118,PER,-0.06988943278922449,214005.0,33359415.0,0.2650445086114964,-0.5783892310431694,0.47732252563258865,-0.23821647588164113,-0.5244167246613023,-1.4265618930451434,-0.2663298783222902,-0.3777750037106672,"(0.212, 1.513]",3,Peru
119,PHL,-0.06746516042294705,60464.0,111046910.0,-0.14399818631955205,-0.8337638880997005,-0.3478666736384188,-0.6821942889005871,-0.24698435326354382,0.9189238898383697,0.23158968535800575,-0.6124692963204402,"(-1.089, 0.212]",1,Philippines
120,POL,-0.01321596860369696,116368.0,37797000.0,0.9791359929826481,1.5582453996631391,0.7753491148429906,1.207557428051846,-0.5343250236397936,-0.260121811840444,-0.11562091653920033,0.3803156922357483,"(0.212, 1.513]",3,Poland
121,PRT,-0.03931218255039403,23489.0,10167923.0,0.8682091604589739,0.1834784958421479,1.2725593038774268,1.708455473509119,0.44164242574160634,-1.0798084623954416,-0.13338329453009698,0.4167760871722216,"(0.212, 1.513]",3,Portugal
122,PRY,-0.13869788844434255,18911.0,7219641.0,-0.07466891599225571,-0.706076559571435,0.10441488385676148,-0.5342016845609381,0.050264616091197145,-0.49248541591328215,-0.2784980825310504,-0.5503320031087013,"(-1.089, 0.212]",1,Paraguay
123,QAT,-0.14525559449132305,677.0,2930524.0,0.7572823279352998,-0.7486390024141901,0.9999922725392725,0.08053682577298592,2.0938512804050426,-0.6773513715983632,0.04178855794344104,4.920799118126835,"(0.212, 1.513]",3,Qatar
124,ROU,-0.08575754000919471,65702.0,19127772.0,0.6186237872807071,1.6740152441954337,0.3739866730922993,1.3441659859038302,0.4143946035507552,0.9231175243621111,-0.17489690994087304,0.18278124409949825,"(0.212, 1.513]",3,Romania
125,RUS,0.26987508283616574,372136.0,145912022.0,0.5908920791497885,2.1668883323145387,-0.14568783171176594,0.9571084053232115,-0.467444005534977,1.4203474598086898,-0.29117831136274663,0.25630188748251287,"(0.212, 1.513]",3,Russia
126,SAU,-0.13579545464707515,9165.0,35340680.0,0.7988798901316768,-0.11020235977286268,0.23620553637191283,0.08053682577298592,2.3911002497597833,0.0052306186234748935,-0.2812745970042328,1.485030268820203,"(0.212, 1.513]",3,Saudi Arabia
127,SDN,-0.1524870308844761,4950.0,44909351.0,-1.5860470091273147,-0.9188887737852108,-1.234458336013078,-1.308316845722176,1.883299927112101,1.421097205863032,-0.269181063052984,-0.7710071933737943,"(-2.394, -1.089]",2,Sudan
128,SGP,-0.12274072020360366,1396.0,5453600.0,1.3812457608809663,-0.23788968830112828,1.5076858089328695,1.2758617069778386,0.7240289466286106,-1.3731074710607951,11.758022841283488,3.3317051854222353,"(0.212, 1.513]",3,Singapore
129,SLB,-0.1534522762415686,150.0,703995.0,-1.1908701682617262,-0.6635141167286799,-0.08278774755680676,-1.183092334357858,2.6288994252435764,1.6550179748179668,-0.27134040498959183,-0.8854102345619841,"(-2.394, -1.089]",2,Solomon Islands
130,SLV,-0.15010374110729813,4134.0,6518500.0,-0.4559799027923849,-0.706076559571435,-0.03486387391493431,-0.4089771731966197,0.19888910076856764,-0.7547564724835285,0.16444436114430572,-0.6279922075786167,"(-1.089, 0.212]",1,El Salvador
131,SRB,-0.1066509557231613,16099.0,6871547.0,0.4660993925606551,1.1279391025228849,0.366498567835757,1.139253149125856,0.4986151448679314,1.4872313990301662,-0.182269454958028,-0.2860649273918011,"(0.212, 1.513]",3,Serbia
132,STP,-0.15380903553433486,77.0,223364.0,-0.7887604003634073,-0.025077474087352468,-0.47366684194833714,-1.4221573105988288,-1.398824109513166,0.0923577013122052,0.019721211024586023,-0.8425560580966156,"(-1.089, 0.212]",1,Sao Tome and Principe
133,SUR,-0.15206043725988438,1352.0,591798.0,-0.005339645664959356,0.06004741159815793,-0.28047372632953377,-0.1812962434433144,1.107975532045151,-0.004853877755816369,-0.2991192646666727,-0.30032426466538464,"(-1.089, 0.212]",1,Suriname
134,SVK,-0.09434838059208754,20109.0,5449270.0,0.8404774523280554,1.2177458569210988,0.597132209737274,1.139253149125856,-0.19248870888184133,0.23939031763968352,-0.13222971524568475,0.5290370040565084,"(0.212, 1.513]",3,Slovakia
135,SVN,-0.1298864912762277,6643.0,2078723.0,1.2356542931936454,0.6559216113967301,1.1632329671319024,1.5149266832188093,-0.2023970078603327,-0.8684707037147206,-0.14824419965768995,0.5920784551026248,"(0.212, 1.513]",3,Slovenia
136,SWE,-0.09514716638156925,19305.0,10160159.0,1.4297762501100737,-0.31450208541808744,1.3848808827255679,1.116485056150525,-0.8117573950375523,-1.029221201146382,-0.2669561941557029,1.3789499736753565,"(0.212, 1.513]",3,Sweden
137,SWZ,-0.15224429686389568,1410.0,1172369.0,-0.8858213788216223,-0.3655770168293937,-2.0012403142830544,-1.1034040089442012,-1.0223087483304938,0.6140738485555597,-0.1834870373203072,-0.6053949925482408,"(-1.089, 0.212]",1,Eswatini
138,SYC,-0.1529144909980945,167.0,98910.0,0.3967701222333595,0.2728596258119339,-0.02288290550446407,0.5700508247425927,0.6150376578652056,-0.13392554464958967,0.01288354887246243,0.338100843315532,"(0.212, 1.513]",3,Seychelles
139,TGO,-0.1530793112621413,273.0,8478242.0,-1.5513823739636665,-0.9614512166279661,-1.8739425249218267,-1.3424689851851719,-0.4748752297688451,0.17408826020319404,-0.08615054694706321,-0.9246874055481388,"(-2.394, -1.089]",2,Togo
140,THA,-0.04903655471053284,30288.0,69950844.0,0.2650445086114964,-0.3655770168293937,0.5387249887362427,1.0140286377615377,-0.25441557749741217,-1.2279533393529887,-0.09869819797460637,-0.1732709086029281,"(0.212, 1.513]",3,Thailand
141,TJK,-0.15353316416313972,125.0,9749625.0,-0.4906445379560331,0.7836089399249956,-0.36733574730543134,-0.8984911721662264,-0.23707605428505266,1.3906954153078155,-0.2066668186878028,-0.850440794173736,"(-1.089, 0.212]",1,Tajikistan
142,TKM,-0.15394968778012416,0.0,6117933.0,-0.16479696741774175,1.89023245383663,-0.8031434732362177,-0.48866549861027725,-0.23707605428505243,2.289443199241637,-0.2859513933369423,-0.16763563584049718,"(-1.089, 0.212]",1,Turkmenistan
143,TLS,-0.15341255825807565,133.0,1343875.0,-0.9204860139852704,1.2517958111953025,-0.6069551155147979,-1.5018456360124854,-0.2990029229006235,0.6298102767291273,-0.17177752183626036,-0.6645490102546225,"(-1.089, 0.212]",1,Timor
144,TON,-0.15367079540664683,12.0,106759.0,-0.09546769709044539,-0.15276480261561767,-0.39579054728029334,-1.0123316370428788,1.82137305849653,-0.2588118159872518,-0.07599843969111324,-0.7224686040330889,"(-1.089, 0.212]",1,Tonga
145,TTO,-0.15011172685751692,3952.0,1403374.0,0.3967701222333595,0.01748496875540273,-0.006409073940070152,0.5700508247425927,0.719074797139365,-0.2507623446126045,0.10207945729414752,0.4585869345256723,"(0.212, 1.513]",3,Trinidad and Tobago
146,TUN,-0.1294979997501873,28652.0,11935764.0,0.008526208400499915,-0.28045213114388345,0.47133204142735563,0.17160919767430852,0.11219148470676822,0.49506196113818757,-0.1915087564129702,-0.44798863389289667,"(-1.089, 0.212]",1,Tunisia
147,TUR,0.17975448649959647,98965.0,85042736.0,0.5631603710188692,-0.06338367264583206,0.6195965255069009,0.04638468630999045,1.0064154675156152,-0.7218829916392698,-0.14474688861710075,0.27469208131218364,"(0.212, 1.513]",3,Turkey
148,TZA,-0.153121745805826,840.0,61498438.0,-1.4543213955054517,-0.9614512166279658,-1.2119940202434514,-1.5359977754754814,-0.5739582195537591,-0.3428657637499397,-0.20602983567474556,-0.8612510623279688,"(-2.394, -1.089]",2,Tanzania
149,UGA,-0.1500614470753475,3608.0,47123533.0,-1.350327490014507,-1.0465761023134763,-1.5249968199669368,-1.68399037981513,-1.379007511556183,-0.3754508807271435,0.02112013544082167,-0.9111298963752575,"(-2.394, -1.089]",2,Uganda
150,UKR,-0.035907700327347226,112459.0,43466822.0,0.2789103626769557,2.4861066536352023,-0.22356412637980974,1.162021242101186,-0.23707605428505243,2.3147038739956463,-0.1866902389792695,-0.5975296392345015,"(0.212, 1.513]",3,Ukraine
151,URY,-0.13205369742505108,7262.0,3485152.0,0.5423615899206811,-0.06763991693010767,0.6525441886356887,0.5017465458166009,-0.28166339968826376,-0.8090265522632607,-0.27452532005487784,0.04301330133641998,"(0.212, 1.513]",3,Uruguay
152,USA,1.8443532772841378,1010805.0,332915074.0,1.2980506364882114,-0.08040864978293413,0.7948181885100011,0.8091158009835626,0.6744874517361534,-0.8882771818975771,-0.25036111039447567,1.747180119239946,"(0.212, 1.513]",3,United States
153,UZB,-0.14834837485099067,1637.0,33935765.0,-0.1301323322540928,0.44310939718295433,-0.2744832421243008,-0.34067289427062913,-0.12313061603240168,3.835353651555324,-0.18860423578405383,-0.6805915617592663,"(-1.089, 0.212]",1,Uzbekistan
154,VCT,-0.15370728162025651,108.0,111269.0,-0.005339645664959356,-0.15276480261561787,-0.15317593696830825,0.06915277928532089,0.8800846555398494,-0.051313416222175626,0.1247868349916724,-0.4541704196102947,"(-1.089, 0.212]",1,Saint Vincent and the Grenadines
155,VEN,-0.14167633908973387,5728.0,28704947.0,-0.19252867554865952,-0.9188887737852107,-0.22356412637980974,-0.24960052236930655,-0.3956088379409145,-0.4453420431336211,-0.24937820598437546,-0.1496193319739059,"(-1.089, 0.212]",1,Venezuela
156,VNM,0.09730215411873562,43266.0,98168829.0,-0.24105916477776695,-0.15276480261561787,0.2766413047572451,0.16022515118664307,-0.5120313509381881,-0.11071637283548526,0.16492590811111454,-0.6847019221817521,"(-1.089, 0.212]",1,Vietnam
157,YEM,-0.1536728094081683,2149.0,30490639.0,-1.8633640904365,-0.9614512166279658,-1.1131510308570856,-1.2400125667961843,-0.673041209338673,1.9452191316543872,-0.2230836081606862,-0.9221907234368003,"(-2.394, -1.089]",2,Yemen
158,ZAF,-0.061294470528799376,101125.0,60041996.0,-0.20639452961411878,-0.27193964257533243,-1.4111776200674877,-0.44312931265961597,-0.6309309386800847,-0.4821702284403468,-0.2333759126348211,-0.3748311516326568,"(-1.089, 0.212]",1,South Africa
159,ZMB,-0.14638736967189336,3989.0,18920657.0,-1.0730104087053225,-0.4081394596721489,-1.447120525298892,-1.5359977754754814,-1.0223087483304938,-0.20106489186760046,-0.2695818442310559,-0.8103423608268806,"(-1.089, 0.212]",1,Zambia
160,ZWE,-0.14800639270892255,5515.0,15092171.0,-1.1631384601308077,-0.5358267882004145,-1.8065495776129417,-1.3197008922098412,-1.5474485941905363,0.40323866690027754,-0.23950954093040783,-0.900903692117059,"(-2.394, -1.089]",2,Zimbabwe
